Story ID,Prediction,Rationale,id,label,Correct
46,1,No narrative context available for verification,46,consistent,False
137,1,"The proposed backstory does not contain any direct factual conflicts with the narrative. The character is re-arrested and sent to Château d’If in 1815 for life, which aligns with events described in the narrative where Edmond Dantès was imprisoned there after being falsely accused of treason in 1814. There are no clear contradictions regarding dates, locations, or causes of events. The motivations and character relationships remain consistent as well.",137,contradict,False
74,1,No narrative context available for verification,74,consistent,False
109,1,"The proposed backstory is plausible and compatible with the narrative. Villefort's father is described as a senator who changed his political stance from Girondin to royalist, while Villefort himself renounced his father’s revolutionary past and adopted a new name. This aligns with the idea that their family gatherings involved political arguments, as both characters have a history of differing political views but have chosen different paths in life.",109,contradict,False
104,1,"The proposed backstory is plausible and compatible with the narrative. The character's parents were targeted for supporting the Revolution, which aligns with the political tensions described in the narrative. His mother being killed deepens his distrust of authority, which is consistent with his later actions and motivations as a magistrate who seems unyielding to personal vendettas or past grievances.",104,consistent,False
35,1,No narrative context available for verification,35,contradict,False
18,1,No narrative context available for verification,18,consistent,False
31,1,No narrative context available for verification,31,consistent,False
68,1,No narrative context available for verification,68,consistent,False
9,1,No narrative context available for verification,9,consistent,False
84,1,No narrative context available for verification,84,consistent,False
83,1,No narrative context available for verification,83,contradict,False
134,1,"The proposed backstory does not directly contradict any specific facts or events in the narrative. While it introduces new information about a secret society and his role as a strategist and propagandist, this is plausible given the character's background of being involved in political matters (e.g., the defense of M. de Morcerf). The narrative does not provide enough detail to rule out such an involvement, making the backstory compatible with the existing story.",134,consistent,False
88,1,"The proposed backstory is compatible with the narrative. Villefort's father, Citizen Noirtier, was a Girondin during the Revolution and broke with Robespierre over judicial procedures. This aligns with Villefort's mention that his father lost his head on the same scaffold as the Marquise's father but for different political reasons. The backstory provides additional context to Noirtier's character without conflicting with the narrative details.",88,consistent,False
67,1,No narrative context available for verification,67,consistent,False
112,1,"The proposed backstory is compatible with the narrative. The character's involvement in underground circles and providing information to the Count of Monte Cristo aligns with his actions and motivations as described in the narrative. There are no direct factual conflicts or incompatible relationships that would contradict the established plot. While specific details about the timing and nature of these interactions are not mentioned, they do not conflict with the overall story arc.",112,contradict,False
79,1,No narrative context available for verification,79,contradict,False
55,1,No narrative context available for verification,55,consistent,False
12,1,No narrative context available for verification,12,contradict,False
13,1,No narrative context available for verification,13,consistent,False
102,0,"The proposed backstory states that the character acted as a militant republican during the Revolution and helped organise trials of royalists. This is not directly contradicted by the narrative excerpts provided, which portray Villefort as a staunch royalist who was initially opposed to Napoleon but later changed his allegiance. The narrative does not provide specific details about Villefort's activities during the Revolution, so there is no clear factual conflict or incompatible motivations that would make this a contradiction.",102,consistent,False
92,0,"The proposed backstory contradicts the narrative. In the narrative, M. Noirtier is portrayed as a man who has already reconciled with his son and even disowned his political past to maintain this relationship. The backstory states that Noirtier publicly burned the betrothal contract, forcing Villefort to flee overnight, which directly conflicts with their apparent reconciliation in the narrative. This creates a clear factual conflict regarding their relationship and motivations.",92,contradict,False
1,1,No narrative context available for verification,1,consistent,False
11,1,No narrative context available for verification,11,contradict,False
65,1,No narrative context available for verification,65,consistent,False
107,1,"The proposed backstory does not introduce any direct factual conflicts, incompatible character relationships, or events that logically cannot coexist with the narrative. Napoleon withdrawing from active plotting and focusing on family affairs in 1815 is a plausible development given his situation after Waterloo. This aligns with the narrative's depiction of Napoleon’s fall and the political changes in France during this period without contradicting any specific details provided.",107,contradict,False
66,1,No narrative context available for verification,66,contradict,False
89,1,The proposed backstory does not contradict the narrative. The character's experience at Louis XVI’s trial in 1793 aligns with his later insistence on legal formalism and procedural justice as seen in his actions throughout the narrative. There are no clear factual conflicts or incompatible motivations that would suggest a contradiction.,89,contradict,False
34,1,No narrative context available for verification,34,consistent,False
99,1,"The proposed backstory is compatible with the narrative. The character's father being a staunch republican aligns with his absorption of his father’s republicanism. His mother’s gentler sensibility could explain his ability to balance reason with feeling, which is evident in his interactions and decisions throughout the narrative. There are no direct factual conflicts or incompatible relationships/motivations that would contradict the narrative.",99,consistent,False
123,1,"The proposed backstory does not introduce any direct factual conflicts, incompatible character relationships, or events that logically cannot coexist with the narrative. While it adds new information about a shared study and a subsequent quarrel between Bonaparte and Noirtier de Villefort, this is plausible within the context of their political affiliations and motivations as described in the narrative. The narrative does not explicitly address what Bonaparte and Noirtier de Villefort did before arriving at Marseilles or their relationship dynamics, making these details compatible with the existing story.",123,consistent,False
116,1,The proposed backstory does not directly contradict the narrative. The character's royalist stance and political motivations are consistent with both his actions in the narrative (such as conducting public prosecutions) and his past as a constitutionalist who was branded a Jacobin plotter. There is no clear factual conflict or incompatible relationships that would make these two narratives contradictory.,116,contradict,False
43,1,No narrative context available for verification,43,contradict,False
108,1,"The proposed backstory is compatible with the narrative. The narrative shows Villefort as a man who has moved on from his father's political ideals and is now focused on personal happiness through marriage, which aligns with the idea of him marrying an apolitical woman to seek domestic peace. There are no direct factual conflicts or incompatible character motivations that would contradict this backstory.",108,consistent,False
128,1,"The proposed backstory does not introduce any direct factual conflicts, incompatible character relationships, or logically impossible events. While the origin of Faria's invisible-ink formula is different from what is described in the narrative (which suggests a more historical and alchemical background), this minor detail does not contradict the overall context of his imprisonment and intellectual pursuits. The narrative focuses on Faria’s ingenuity and resourcefulness, which can accommodate an alternative source for his ink formula without conflicting with the established plot.",128,consistent,False
29,1,No narrative context available for verification,29,consistent,False
69,1,No narrative context available for verification,69,consistent,False
50,1,No narrative context available for verification,50,consistent,False
5,1,No narrative context available for verification,5,consistent,False
39,1,No narrative context available for verification,39,contradict,False
19,1,No narrative context available for verification,19,consistent,False
113,1,"The proposed backstory does not directly contradict any specific facts in the narrative. Luigi's background as a shepherd and his learning to read and write are consistent with him coming from a humble, rural environment, which is compatible with being born in Parma. His family studying ancient manuscripts and his mother writing poetry do not conflict with these details. The character motivations and relationships described in the narrative (such as his interactions with Teresa) can be seen as separate from his family's intellectual pursuits. Therefore, there are no clear contradictions.",113,contradict,False
139,1,"The proposed backstory aligns well with the narrative. Edmond Dantès is shown to be resilient and hopeful despite his imprisonment, which fits with being inspired by Enlightenment ideals. The idea that he turned even his dungeon into a classroom for hope is consistent with his character development throughout the narrative, where he uses his time in prison to educate himself and maintain his spirit of freedom.",139,consistent,False
71,1,No narrative context available for verification,71,contradict,False
26,1,No narrative context available for verification,26,consistent,False
117,1,"The proposed backstory does not directly contradict the narrative. The narrative mentions that the Count of Monte Cristo found manuscripts and tools hidden in his cell, which he used to communicate with Abbé Faria. While the specific location (Madeira monastery cellar) is different from the narrative's setting (dungeon), it doesn't create a clear factual conflict or incompatible character motivations. Therefore, this backstory is plausible and compatible with the existing narrative.",117,contradict,False
6,1,No narrative context available for verification,6,consistent,False
76,1,No narrative context available for verification,76,consistent,False
17,1,No narrative context available for verification,17,contradict,False
20,1,No narrative context available for verification,20,consistent,False
10,1,No narrative context available for verification,10,consistent,False
122,1,"The proposed backstory does not introduce any clear, specific contradictions with the narrative. While it adds a new detail about Villefort's past actions, it is plausible and compatible with his character as portrayed in the narrative. The backstory suggests that Villefort has a history of dealing with revolutionary threats, which aligns with his role as a prosecutor and his later behavior during the trial. There are no direct factual conflicts or incompatible motivations that would make this information contradictory to the narrative.",122,contradict,False
62,1,No narrative context available for verification,62,consistent,False
36,1,No narrative context available for verification,36,consistent,False
73,1,No narrative context available for verification,73,consistent,False
98,1,"The proposed backstory does not introduce any direct factual conflicts, incompatible character relationships, or logically impossible events. The letters in the study are a plausible explanation for how Noirtier could still communicate his wishes and protect Valentine despite losing the ability to speak. This information is also compatible with the narrative's depiction of Noirtier’s reliance on Valentine as an interpreter and his desire to ensure her safety.",98,contradict,False
25,1,No narrative context available for verification,25,consistent,False
120,1,"The proposed backstory is plausible and compatible with the narrative. The character's invention of 'salt-blood' ink that reveals under heat does not contradict any direct facts in the narrative. While the narrative focuses on Dantès' imprisonment and escape, it does not specify the exact nature or methods he used to aid others. Additionally, his involvement with a Corsican patriot is also consistent with his character as seen in the narrative, where he shows concern for others and strategic thinking. The transfer to Château d’If due to trouble is also compatible with the narrative's depiction of increasing danger and complexity of his situation.",120,consistent,False
105,1,"The proposed backstory is compatible with the narrative. The character's involvement in an anti-Bonaparte society aligns with his fear and suspicion of Napoleon’s return as expressed in the dialogue, particularly when Villefort mentions conspiracies and plots against Bonaparte. There are no clear factual conflicts or incompatible motivations that would contradict the narrative.",105,contradict,False
57,1,No narrative context available for verification,57,consistent,False
106,1,"The proposed backstory is plausible and compatible with the narrative. Noirtier's actions in the narrative (changing his appearance to avoid arrest) do not contradict a history of using Fernand for information, as this could explain why Noirtier would be calm about potential arrest and willing to change his appearance quickly. The relationship between them can be seen as one where they mutually benefit from each other’s resources and intelligence.",106,contradict,False
118,1,"The proposed backstory does not directly contradict any specific facts in the narrative. The narrative focuses on Villefort's involvement with Bonapartists and his role as a minister under Louis XVIII, while the proposed backstory involves Dantès being accused of planning to bomb Bourbon restoration festivities due to code-breaking activities. This information is not mentioned or implied in the narrative, making it plausible that such an event could have occurred without conflicting with the established storyline.",118,contradict,False
126,1,"The proposed backstory does not directly contradict any specific events or character motivations in the narrative. The hatred for institutional rot aligns with Villefort's actions and thoughts, such as his determination to punish those he believes are guilty of crimes. While the specific event (his sister being burned) is different from the narrative context, it doesn't conflict with his overall character development and motivations.",126,consistent,False
4,1,No narrative context available for verification,4,consistent,False
125,1,"The proposed backstory does not contain any direct factual conflicts with the narrative. The character's actions in India do not contradict his later views on revenge and justice as expressed in the narrative. While the specific events differ, they are plausible and compatible within the context of the character's evolving philosophy.",125,consistent,False
40,1,No narrative context available for verification,40,consistent,False
96,1,"The proposed backstory is compatible with the narrative. The training of Valentine to communicate by eye movement began in 1819 and evolved into a blink-code after Noirtier's own paralysis. This timeline aligns with the events described, where Noirtier uses both blinking and closing his eyes as communication methods. There are no direct factual conflicts or incompatible character motivations that would contradict the narrative.",96,contradict,False
45,1,No narrative context available for verification,45,contradict,False
54,1,No narrative context available for verification,54,consistent,False
8,1,No narrative context available for verification,8,consistent,False
32,1,No narrative context available for verification,32,consistent,False
14,1,No narrative context available for verification,14,contradict,False
63,1,No narrative context available for verification,63,contradict,False
41,1,No narrative context available for verification,41,consistent,False
23,1,No narrative context available for verification,23,consistent,False
90,1,"The proposed backstory does not directly contradict the narrative. The main characters and events in the provided excerpts do not involve a character named Éloïse or any marriage to obtain royalist intelligence from the Vendée. Additionally, there are no clear references to a character being involved with Chouans or arranged drownings. While this backstory introduces new elements, it does not conflict with the existing narrative in a specific and direct manner.",90,consistent,False
100,1,"The proposed backstory aligns well with the narrative. Dantès expresses admiration for Napoleon as a symbol of equality and mentions his position in Paris, which is consistent with having grown up there and being exposed to Enlightenment thinkers like Voltaire and Rousseau. There are no direct factual conflicts or incompatible motivations that would contradict the narrative.",100,consistent,False
138,1,"The proposed backstory is compatible with the narrative. The narrative describes a family that declined in status and fortune due to political upheavals, which aligns with the idea of long political warfare severing the character from his once-noble family. There are no direct factual conflicts or incompatible events between the two. While the narrative does not explicitly state the cause of the family's decline, it is plausible that political reasons could have led to this outcome.",138,consistent,False
130,0,"The proposed backstory describes a death from lead poisoning due to drinking contaminated prison water over years. This is not directly contradicted by the narrative excerpts provided, which discuss poisoning through specific chemicals like arsenic and brucine. The narrative focuses on deliberate poisonings for murder, while the backstory suggests an accidental long-term exposure leading to natural death. There are no clear factual conflicts or incompatible motivations between the two scenarios.",130,contradict,False
48,1,No narrative context available for verification,48,consistent,False
