Story ID,Prediction,Rationale
46,1,"```json
{
  ""prediction"": 1,
  ""reasoning"": ""The novel excerpts do not provide specific details about Thalcave's background that would contradict the backstory. The backstory mentions Thalcave’s peopl"
137,1,"JSON OUTPUT: {""prediction"": 1, ""reasoning"": ""The novel excerpts do not mention the specific re-arrest in 1815. The backstory claims he was suspected again and re-arrested that year, but this detail is"
74,1,"JSON OUTPUT: {""prediction"": 1, ""reasoning"": ""The novel excerpts do not mention the backstory of studying crack-patterns on a shark-tooth necklace. Since this detail is not contradicted and fits plausi"
109,1,"JSON OUTPUT: {""prediction"": 1, ""reasoning"": ""The novel excerpts do not mention any arguments between Villefort and his father regarding politics. The backstory claim that 'Villefort’s drift toward the"
104,1,"```json
{
  ""prediction"": 1,
  ""reasoning"": ""The novel excerpts do not mention the specific event of the parents being targeted for supporting the Revolution. The backstory claims that his mother was "
35,1,"```json
{
  ""prediction"": 1,
  ""reasoning"": ""The novel excerpts do not mention the mutiny event described in the backstory. The novel focuses on Ayrton's survival story and his presence on board after"
18,1,"```json
{
  ""prediction"": 1,
  ""reasoning"": ""The novel excerpts do not mention the specific event of finding bribery entries in Danglars' old ledgers and reporting them. The backstory adds a plausible"
31,1,"```json
{
  ""prediction"": 1,
  ""reasoning"": ""The novel excerpts do not mention Paganel's backstory involving the indigenous elder Yurook. The events described in the novel focus on Glenarvan and his p"
68,1,"```json
{
  ""prediction"": 1,
  ""reasoning"": ""The novel excerpts do not mention the specific events described in the backstory. The backstory details a young man's birth-mark and his first battle-axe, "
9,1,"```json
{
  ""prediction"": 1,
  ""reasoning"": ""The novel excerpts do not mention the event of Dantès accidentally slipping a farewell letter to his French sweetheart into an academic report. The backsto"
84,1,"```json
{
  ""prediction"": 1,
  ""reasoning"": ""The novel excerpts do not mention the skirmish at a British outpost or any events involving friendly fire. The backstory introduces an event that is not co"
83,1,"```json
{
  ""prediction"": 1,
  ""reasoning"": ""The novel excerpts do not mention the event where Ayrton and an eighteen-year-old character pooled their languages and survival skills in Tasmania. Since t"
134,1,"JSON OUTPUT: {""prediction"": 1, ""reasoning"": ""The novel excerpts do not mention the character's involvement with a secret society. The backstory claims that after graduation, he was enlisted as a strat"
88,1,"```json
{
  ""prediction"": 1,
  ""reasoning"": ""The novel excerpts do not mention Citizen Noirtier's involvement with the Girondins or his role in drafting parts of the Revolutionary Code. The backstory "
67,1,"```json
{
  ""prediction"": 1,
  ""reasoning"": ""The backstory does not directly contradict any events in the novel excerpts. The novel describes a Maori chief named Kai-Koumou and his warriors, but it do"
112,1,"```json
{
  ""prediction"": 1,
  ""reasoning"": ""The backstory mentions that the protagonist met the Count of Monte Cristo through underground circles and provided him with vital information. This detail "
79,1,"JSON OUTPUT: {""prediction"": 1, ""reasoning"": ""The novel excerpts do not mention any specific rituals related to Kara-Tété's wife's sacrifice. The backstory describes a 'Blood-and-Bone' rite that the pr"
55,1,"```json
{
  ""prediction"": 1,
  ""reasoning"": ""The novel excerpts do not mention any specific details about Jacques Paganel altering the route to shield sacred Indian sites. The backstory adds a new det"
12,1,"JSON OUTPUT: {""prediction"": 1, ""reasoning"": ""The backstory mentions that Ayrton declined to take part in charting the maiden voyage of the Britannia and filled three diary pages with a statement about"
13,1,"```json
{
  ""prediction"": 1,
  ""reasoning"": ""The novel excerpts do not mention the character's feelings towards Lady Glenarvan or his role as the expedition’s ‘living map’. The backstory provides new "
102,1,"JSON OUTPUT: {""prediction"": 1, ""reasoning"": ""The novel excerpts do not provide specific details about Villefort's actions during the Revolution. The backstory claims that he acted as a militant republ"
92,1,"```json
{
  ""prediction"": 1,
  ""reasoning"": ""The backstory claims that Noirtier publicly burned the Saint-Méran betrothal contract in 1804 and forced Villefort to flee overnight. However, the novel do"
1,1,"JSON OUTPUT: {""prediction"": 1, ""reasoning"": ""The backstory provides new details about Jacques Paganel's early interest in geography and his passion for maps, which are consistent with his later role a"
11,1,"```json
{
  ""prediction"": 1,
  ""reasoning"": ""The novel excerpts do not mention Ayrton's encounter with slave-traders or the injury to his forearm. The backstory adds new details that fit plausibly wit"
65,1,"JSON OUTPUT: {""prediction"": 1, ""reasoning"": ""The novel excerpts do not mention the specific events described in the backstory. The backstory details how a character handled canoes and prepared for a l"
107,1,"JSON OUTPUT: {""prediction"": 1, ""reasoning"": ""The novel excerpts do not mention Napoleon's specific actions after Waterloo. The backstory claims that Napoleon withdrew from active plotting and turned t"
66,1,"```json
{
  ""prediction"": 1,
  ""reasoning"": ""The backstory and the novel excerpts are consistent. The backstory mentions that Lord Glenarvan met Jacques Paganel at a London Royal Geographical Society "
89,1,"JSON OUTPUT: {""prediction"": 1, ""reasoning"": ""The novel excerpts do not mention M. de Villefort's involvement in Louis XVI’s trial or any events that contradict the backstory claim. The backstory state"
34,1,"```json
{
  ""prediction"": 1,
  ""reasoning"": ""The novel excerpts do not mention the specific event of Ayrton finding ship’s papers about an Australian land deal. The backstory provides new information "
99,1,"```json
{
  ""prediction"": 1,
  ""reasoning"": ""The backstory states that the character was born into a Parisian legal family and absorbed his father’s staunch republicanism and his mother’s gentler sens"
123,1,"```json
{
  ""prediction"": 1,
  ""reasoning"": ""The novel excerpts do not mention any collaboration between Bonaparte and Noirtier de Villefort on studying Napoleon’s secret letters. The backstory does n"
116,1,"JSON OUTPUT: {""prediction"": 1, ""reasoning"": ""The novel excerpts do not mention any events related to Lisbon, constitutionalist Prince Pedro, or King John VI. The backstory provides new information tha"
43,1,"```json
{
  ""prediction"": 1,
  ""reasoning"": ""The backstory does not directly contradict the novel. The novel mentions Ayrton's silence and his knowledge of the shipwreck but does not provide details a"
108,1,"JSON OUTPUT: {""prediction"": 1, ""reasoning"": ""The novel excerpts do not mention Villefort's marriage or his hopes for his son. The backstory claims that Villefort married a gentle apolitical woman to r"
128,1,"```json
{
  ""prediction"": 1,
  ""reasoning"": ""The backstory does not directly contradict any information provided in the novel excerpts. The novel mentions that Faria used invisible ink to write his hi"
29,1,"JSON OUTPUT: {""prediction"": 1, ""reasoning"": ""The novel excerpts do not mention the event of the mate pressing a dagger into the boy’s hand. Since this detail is not contradicted and does not affect th"
69,1,"```json
{
  ""prediction"": 1,
  ""reasoning"": ""The novel excerpts do not mention the specific event of Glenarvan leading warriors against a French merchantman or seizing flint-lock muskets. The backstor"
50,1,"```json
{
  ""prediction"": 1,
  ""reasoning"": ""The backstory mentions that the character saved an old shepherd and received a map of pampas water-holes in gratitude. This detail is not directly contradi"
5,1,"```json
{
  ""prediction"": 1,
  ""reasoning"": ""The novel excerpts do not mention the specific event of an Algerian geological survey or a sandstorm. The backstory provides new details that fit plausibly"
39,1,"```json
{
  ""prediction"": 1,
  ""reasoning"": ""The novel excerpts do not mention the backstory's details about Ayrton adopting the alias Ben Joyce and shipping on a Liverpool–Lisbon trader with Captain "
19,1,"JSON OUTPUT: {""prediction"": 1, ""reasoning"": ""The backstory mentions that Edmond spoke both French and English and was posted to a Mediterranean merchant fleet where he learned basic seamanship and cel"
113,1,"```json
{
  ""prediction"": 1,
  ""reasoning"": ""The backstory provides information about Luigi's parents and their occupations but does not contradict any details in the novel excerpts. The novel focuses"
139,1,"JSON OUTPUT: {""prediction"": 1, ""reasoning"": ""The backstory claim about Enlightenment ideals of liberty, equality and fraternity sustaining Dantès does not contradict the novel excerpts. The excerpts s"
71,1,"```json
{
  ""prediction"": 1,
  ""reasoning"": ""The novel excerpts do not mention the specific events described in the backstory, such as burning an empty village, luring troops into a swamp, or using ca"
26,1,"JSON OUTPUT: {""prediction"": 1, ""reasoning"": ""The backstory provides new details about the character's early life that do not contradict any information given in the novel excerpts. The character is de"
117,1,"JSON OUTPUT: {""prediction"": 1, ""reasoning"": ""The novel excerpts do not mention the specific hiding location of Monte Cristo’s research manuscripts. The backstory claims that he hid them in a Madeira m"
6,1,"JSON OUTPUT: {""prediction"": 1, ""reasoning"": ""The novel excerpts do not mention the Marseille waterfront bar meeting between Captain Grant and Dantès. The backstory provides a plausible scenario for ho"
76,1,"JSON OUTPUT: {""prediction"": 1, ""reasoning"": ""The novel excerpts do not mention the pocket-watch with Julia’s hair lock. Since this detail is not contradicted by the novel and does not affect the plot "
17,1,"```json
{
  ""prediction"": 1,
  ""reasoning"": ""The backstory does not directly contradict the novel. The novel focuses on Sergeant Manuel's background and interactions with others, while the backstory p"
20,1,"JSON OUTPUT: {""prediction"": 1, ""reasoning"": ""The novel excerpts do not mention the backstory event involving Dantès being injured after a failed rescue attempt. Since this detail is not referenced in "
10,1,"```json
{
  ""prediction"": 1,
  ""reasoning"": ""The backstory mentions that the geographer was expelled by British colonists while recording dialects along the Murray River and vowed to measure every hid"
122,1,"```json
{
  ""prediction"": 1,
  ""reasoning"": ""The backstory does not directly contradict any events in the novel excerpts. The novel mentions M. de Villefort as a prosecutor and his involvement with An"
62,1,"```json
{
  ""prediction"": 1,
  ""reasoning"": ""The novel excerpts do not provide specific details about Villefort's behavior in response to the events described. The backstory claims that Loss turned hi"
36,1,"JSON OUTPUT: {""prediction"": 1, ""reasoning"": ""The novel excerpts do not mention the character's habit of quoting the Bible as a mission pupil. Since this detail is not contradicted and fits plausibly w"
73,1,"```json
{
  ""prediction"": 1,
  ""reasoning"": ""The novel excerpts do not mention the event of missionaries wrapping opium in Bible pages or burning books. The backstory introduces new details that fit p"
98,1,"JSON OUTPUT: {""prediction"": 1, ""reasoning"": ""The novel excerpts do not mention the existence of hidden diplomatic letters in Valentine's grandfather Noirtier’s study. Since this detail is not contradi"
25,1,"JSON OUTPUT: {""prediction"": 1, ""reasoning"": ""The novel excerpts do not mention the event of meeting ex-General von Wallace. Since the backstory does not provide specific details that contradict the ev"
120,1,"JSON OUTPUT: {""prediction"": 1, ""reasoning"": ""The novel excerpts do not mention the specific ink invention or the escape of a Corsican patriot. Therefore, there is no clear opposing evidence to contrad"
105,1,"JSON OUTPUT: {""prediction"": 1, ""reasoning"": ""The novel excerpts do not mention the protagonist's involvement in an anti-Bonaparte society. The backstory adds a new detail that fits plausibly within th"
57,1,"JSON OUTPUT: {""prediction"": 1, ""reasoning"": ""The novel excerpts do not mention the specific events of the character's early trauma. The backstory provides new details about a father vanishing in an up"
106,1,"JSON OUTPUT: {""prediction"": 1, ""reasoning"": ""The novel excerpts do not mention the event of Noirtier and Fernand using each other at a society meeting. Since this detail is not contradicted by the nov"
118,1,"JSON OUTPUT: {""prediction"": 1, ""reasoning"": ""The novel excerpts do not mention the specific event of Dantès being accused of planning to bomb Bourbon restoration festivities. The backstory provides ne"
126,1,"JSON OUTPUT: {""prediction"": 1, ""reasoning"": ""The novel excerpts do not mention any events related to the character's sister being burned as a witch. Since this event is not referenced in the provided "
4,1,"```json
{
  ""prediction"": 1,
  ""reasoning"": ""The novel excerpts do not mention the specific incident of Paganel shouting about the 37th southern parallel during a lecture. The backstory adds a new det"
125,1,"JSON OUTPUT: {""prediction"": 1, ""reasoning"": ""The novel excerpts do not mention the specific event in India where the character allegedly gave a merciful death to a rebel leader. Since this detail is n"
40,1,"JSON OUTPUT: {""prediction"": 1, ""reasoning"": ""The backstory mentions that the character is skilled in shipboard medicine and secretly stitches soldiers' wounds. This detail aligns with his actions of d"
96,1,"JSON OUTPUT: {""prediction"": 1, ""reasoning"": ""The novel does not mention the specific training of Valentine to communicate by eye movement. The backstory adds a new detail that fits plausibly within th"
45,1,"```json
{
  ""prediction"": 1,
  ""reasoning"": ""The novel excerpts do not mention the event of Thalcave leaving to save his friends by sacrificing himself. The backstory claims that watching natives slau"
54,1,"```json
{
  ""prediction"": 1,
  ""reasoning"": ""The novel excerpts do not mention Mariana or any events related to her. The backstory provides new information about a relationship with a Chilean doctor a"
8,1,"JSON OUTPUT: {""prediction"": 1, ""reasoning"": ""The novel excerpts do not mention the event of winning trust through sketching star-maps and learning tracking techniques and herbal lore. Since this infor"
32,1,"```json
{
  ""prediction"": 1,
  ""reasoning"": ""The novel excerpts do not mention any events related to the backstory claim about an underground intelligence web. The focus of the excerpts is on the char"
14,1,"```json
{
  ""prediction"": 1,
  ""reasoning"": ""The novel excerpts do not mention the event of mutual recognition with Major McNabbs through hand signs. Since this detail is not referenced in the provide"
63,1,"JSON OUTPUT: {""prediction"": 1, ""reasoning"": ""The novel excerpts do not mention the backstory event of learning nautical English with the rescue squad. Since this detail is not contradicted and fits pl"
41,1,"JSON OUTPUT: {""prediction"": 1, ""reasoning"": ""The novel excerpts do not mention the character's time in Lisbon or his interactions with a black-marketeer. The backstory introduces new details about the"
23,1,"JSON OUTPUT: {""prediction"": 1, ""reasoning"": ""The novel excerpts do not mention the event of Paganel caring for a half-brother who was taken to Europe by his stepfather. Since this detail is not contra"
90,1,"```json
{
  ""prediction"": 1,
  ""reasoning"": ""The novel excerpts do not mention Valentine's father's past marriage or any events related to obtaining royalist intelligence from the Vendée. The backstor"
100,1,"JSON OUTPUT: {""prediction"": 1, ""reasoning"": ""The backstory mentions that the character grew up in Paris and was enthusiastic about liberty and equality, which aligns with his later views expressed in "
138,1,"JSON OUTPUT: {""prediction"": 1, ""reasoning"": ""The novel excerpts do not mention the political warfare that severed the protagonist from his family. The backstory claims this event occurred and led to t"
130,1,"```json
{
  ""prediction"": 1,
  ""reasoning"": ""The novel excerpts do not mention the specific cause of death for the character. The backstory claims that a character died from years of drinking lead-lac"
48,1,"```json
{
  ""prediction"": 1,
  ""reasoning"": ""The backstory and novel excerpts do not directly contradict each other. The backstory mentions that the character passed as a half-caste gaucho and worked "
